{"cameraMode":{"drawMode":0,"name":"Shaded","section":"Shading Mode"},"sceneLighting":false,"audioPlay":false,"sceneViewState":{"showFog":true,"showMaterialUpdate":true,"showSkybox":false,"showFlares":true,"showImageEffects":true,"showParticleSystems":true},"in2DMode":false,"pivot":{"x":1.4145855903625489,"y":-0.6331611275672913,"z":-0.5306421518325806},"rotation":{"x":0.15834186971187592,"y":-0.34444770216941836,"z":0.059054046869277957,"w":0.9234806895256043},"size":2.2578938007354738,"orthographic":false}