{"cameraMode":{"drawMode":0,"name":"Shaded","section":"Shading Mode"},"sceneLighting":false,"audioPlay":false,"sceneViewState":{"showFog":true,"showMaterialUpdate":true,"showSkybox":true,"showFlares":true,"showImageEffects":true,"showParticleSystems":true},"in2DMode":false,"pivot":{"x":1.191246747970581,"y":14.901798248291016,"z":6.998506546020508},"rotation":{"x":0.2189660370349884,"y":0.02194715477526188,"z":-0.0049277436919510368,"w":0.9754836559295654},"size":21.77815055847168,"orthographic":false}